grade,unit,unit_title,word,meaning,sentence,sentence_ar,page,form
m2,2,Unit 2: What Are They Making?,actor,ممثل,"Choose a director, a cameraman, and two or three actors.",اختر مخرجًا ومصوّرًا واثنين أو ثلاثة ممثلين.,17,actors
m2,2,Unit 2: What Are They Making?,balance,توازن,It's about physical strength and balance.,الأمر يتعلق بالقوة البدنية والتوازن.,14,
m2,2,Unit 2: What Are They Making?,cameraman,مصوّر الكاميرا,The cameraman is filming the scene.,مصوّر الكاميرا يصوّر المشهد.,17,
m2,2,Unit 2: What Are They Making?,crew,طاقم العمل,What is the crew painting?,ماذا يدهن طاقم العمل؟,13,
m2,2,Unit 2: What Are They Making?,detective,محقّق,It's a detective story.,إنها قصة محقّق (قصة بوليسية).,12,
m2,2,Unit 2: What Are They Making?,director,مخرج,Eric McGuire is the director.,إريك ماكغواير هو المخرج.,12,
m2,2,Unit 2: What Are They Making?,documentary,فيلم وثائقي,"Well, it's a documentary series about martial arts.",حسنًا، إنه مسلسل وثائقي عن الفنون القتالية.,14,
m2,2,Unit 2: What Are They Making?,episode,حلقة,Are you planning a lot of episodes?,هل تخطط لحلقات كثيرة؟,14,episodes
m2,2,Unit 2: What Are They Making?,ladder,سلّم,Help! He's breaking my ladder.,النجدة! إنه يكسر سلّمي.,11,
m2,2,Unit 2: What Are They Making?,location,موقع التصوير,We're filming the studio scenes here in Hong Kong and the rest in locations all over Asia.,نصوّر مشاهد الاستوديو هنا في هونغ كونغ، وبقية المشاهد في مواقع في أنحاء آسيا.,14,locations
m2,2,Unit 2: What Are They Making?,martial arts,فنون قتالية,I like martial arts films.,أحب أفلام الفنون القتالية.,12,
m2,2,Unit 2: What Are They Making?,scene,مشهد,Work in a group to prepare a scene for a detective film.,اعملوا في مجموعة لتحضير مشهد لفيلم بوليسي.,17,
m2,2,Unit 2: What Are They Making?,script,نص التمثيل (سيناريو),I'm writing a new script.,أنا أكتب نصًا جديدًا.,11,
m2,2,Unit 2: What Are They Making?,studio,استوديو,Ask and answer about the people in the TV studio.,اسأل وأجب عن الأشخاص في استوديو التلفزيون.,11,
m2,2,Unit 2: What Are They Making?,stunt,مشهد خطِر,Are the stunts dangerous?,هل هذه المشاهد الخطِرة خطيرة؟,14,stunts
m2,2,Unit 2: What Are They Making?,stuntman,بديل الممثل في المشاهد الخطرة,Are you using a stuntman for the martial arts scenes?,هل تستعين ببديل للممثل في مشاهد الفنون القتالية؟,14,
m2,2,Unit 2: What Are They Making?,TV series,مسلسل تلفزيوني,They are making a TV series.,إنهم يصنعون مسلسلًا تلفزيونيًا.,12,
m2,2,Unit 2: What Are They Making?,break,يكسر,Help! He's breaking my ladder.,النجدة! إنه يكسر سلّمي.,11,breaking
m2,2,Unit 2: What Are They Making?,come back,يعود,Why are you running away? Come back!,لماذا تهرب؟ عُد!,11,
m2,2,Unit 2: What Are They Making?,feed,يُطعم,Why are you feeding the fish?,لماذا تُطعم السمك؟,10,feeding
m2,2,Unit 2: What Are They Making?,film,يصوّر (فيلمًا),Where are they filming?,أين يصوّرون؟,13,filming
m2,2,Unit 2: What Are They Making?,look around,ينظر حوله,"Don't look around, Yao.",لا تنظر حولك يا ياو.,10,
m2,2,Unit 2: What Are They Making?,run away,يهرب,The mouse is running away.,الفأر يهرب.,17,running away
m2,2,Unit 2: What Are They Making?,smell (good),رائحته طيبة,"The soup smells good, but it tastes terrible.",رائحة الحساء طيبة، لكن طعمه فظيع.,10,smells good
m2,2,Unit 2: What Are They Making?,taste (bad),طعمه سيّئ,"The soup smells good, but it tastes terrible.",رائحة الحساء طيبة، لكن طعمه فظيع.,10,tastes terrible
m2,2,Unit 2: What Are They Making?,Excellent,ممتاز,I love pizza. It's excellent.,أحب البيتزا. إنها ممتازة.,10,
m2,2,Unit 2: What Are They Making?,"No, that's wrong",لا، هذا خطأ,"No, that's wrong, Lee.",لا، هذا خطأ يا لي.,10,
m2,2,Unit 2: What Are They Making?,all by myself,بمفردي,No. I'm doing the stunts all by myself.,لا. أنا أؤدي المشاهد الخطرة بمفردي.,14,
m2,2,Unit 2: What Are They Making?,Not at all,إطلاقًا,Not at all. I'm trained in karate.,إطلاقًا. أنا مدرَّب على الكاراتيه.,14,
m2,2,Unit 2: What Are They Making?,So,إذن (لبدء موضوع جديد في الحديث),"So, Jet, how's the new project going?",إذن يا جت، كيف يسير المشروع الجديد؟,14,
