grade,unit,unit_title,word,meaning,sentence,sentence_ar,page,form
g3,1,Unit 1: School (تجريبي),book,كتاب,I read a book at school.,أقرأ كتابًا في المدرسة.,10,
g3,1,Unit 1: School (تجريبي),pen,قلم,This is my blue pen.,هذا قلمي الأزرق.,10,
g3,1,Unit 1: School (تجريبي),desk,مكتب,The book is on the desk.,الكتاب على المكتب.,11,
g3,1,Unit 1: School (تجريبي),bag,حقيبة,My bag is very big.,حقيبتي كبيرة جدًا.,11,
g3,1,Unit 1: School (تجريبي),teacher,معلم,The teacher is kind.,المعلم لطيف.,12,
g3,1,Unit 1: School (تجريبي),ruler,مسطرة,I have a long ruler.,لدي مسطرة طويلة.,12,
g5,1,Unit 1: Food (تجريبي),bread,خبز,I eat bread for breakfast.,آكل الخبز على الفطور.,24,
g5,1,Unit 1: Food (تجريبي),apple,تفاحة,She has a red apple.,معها تفاحة حمراء.,24,
g5,1,Unit 1: Food (تجريبي),milk,حليب,My brother drinks milk every morning.,يشرب أخي الحليب كل صباح.,25,
g5,1,Unit 1: Food (تجريبي),eat,يأكل,She eats rice every day.,هي تأكل الأرز كل يوم.,25,eats
g5,1,Unit 1: Food (تجريبي),cheese,جبن,Do you like cheese?,هل تحب الجبن؟,26,
g5,1,Unit 1: Food (تجريبي),water,ماء,We need water to live.,نحتاج الماء لنعيش.,26,
g5,1,Unit 1: Food (تجريبي),egg,بيضة,He has an egg and a banana.,عنده بيضة وموزة.,27,
g5,1,Unit 1: Food (تجريبي),fish,سمك,My father cooks fish on Friday.,يطبخ أبي السمك يوم الجمعة.,27,
g5,2,Unit 2: Animals (تجريبي),cat,قطة,The cat is under the table.,القطة تحت الطاولة.,38,
g5,2,Unit 2: Animals (تجريبي),dog,كلب,The dog runs in the garden.,الكلب يجري في الحديقة.,38,
g5,2,Unit 2: Animals (تجريبي),bird,طائر,A small bird sits on the tree.,يجلس طائر صغير على الشجرة.,39,
g5,2,Unit 2: Animals (تجريبي),horse,حصان,The horse is very fast.,الحصان سريع جدًا.,39,
g5,2,Unit 2: Animals (تجريبي),cow,بقرة,The cow gives us milk.,تعطينا البقرة الحليب.,40,
g5,2,Unit 2: Animals (تجريبي),rabbit,أرنب,The rabbit likes carrots.,الأرنب يحب الجزر.,40,
m1,1,Unit 1: Daily Life (تجريبي),wake up,يستيقظ,I wake up at six o'clock.,أستيقظ في الساعة السادسة.,8,
m1,1,Unit 1: Daily Life (تجريبي),breakfast,فطور,We have breakfast together.,نتناول الفطور معًا.,8,
m1,1,Unit 1: Daily Life (تجريبي),homework,واجب منزلي,She does her homework after school.,تؤدي واجبها بعد المدرسة.,9,
m1,1,Unit 1: Daily Life (تجريبي),early,مبكرًا,My father goes to work early.,يذهب أبي إلى العمل مبكرًا.,9,
m1,1,Unit 1: Daily Life (تجريبي),sleep,ينام,Children should sleep at night.,ينبغي أن ينام الأطفال ليلًا.,10,
m1,1,Unit 1: Daily Life (تجريبي),usually,عادةً,He usually walks to school.,هو عادةً يمشي إلى المدرسة.,10,
